provinsi,pulau,penduduk,kepadatan,hari_data,kasus,kematian,kasus_per_juta,kematian_per_juta,kelompok_kepadatan,kematian_per_1000_kasus
Aceh,Sumatera,5247257,90.54,258,5608,157,1068.75,29.92,Sedang,28.0
Bali,Nusa Tenggara,4216171,729.43,258,52442,670,12438.3,158.91,Padat,12.78
Banten,Jawa,10722374,1109.64,258,201049,256,18750.42,23.88,Padat,1.27
Bengkulu,Sumatera,1999539,100.38,258,6068,49,3034.7,24.51,Sedang,8.08
DKI Jakarta,Jawa,10846145,16334.31,258,547214,1904,50452.4,175.55,Padat,3.48
Daerah Istimewa Yogyakarta,Jawa,3631015,1158.9,258,67310,659,18537.52,181.49,Padat,9.79
Gorontalo,Sulawesi,1180651,104.88,257,2102,26,1780.37,22.02,Sedang,12.37
Jambi,Sumatera,3493357,69.79,258,8851,106,2533.67,30.34,Jarang,11.98
Jawa Barat,Jawa,45161325,1276.55,258,464881,1181,10293.79,26.15,Padat,2.54
Jawa Tengah,Jawa,36364072,1108.64,258,149494,3106,4111.04,85.41,Padat,20.78
Jawa Timur,Jawa,40479023,846.78,258,201480,2019,4977.39,49.88,Padat,10.02
Kalimantan Barat,Kalimantan,5422814,36.81,258,23934,69,4413.58,12.72,Jarang,2.88
Kalimantan Selatan,Kalimantan,4023049,103.84,258,17522,192,4355.4,47.72,Sedang,10.96
Kalimantan Tengah,Kalimantan,2570289,16.74,258,12557,132,4885.44,51.36,Jarang,10.51
Kalimantan Timur,Kalimantan,3552191,27.52,258,50685,274,14268.66,77.14,Jarang,5.41
Kalimantan Utara,Kalimantan,648407,8.59,258,9477,49,14615.82,75.57,Jarang,5.17
Kepulauan Bangka Belitung,Sumatera,1379767,84.01,258,13785,154,9990.82,111.61,Sedang,11.17
Kepulauan Riau,Sumatera,1929400,235.24,258,16671,140,8640.51,72.56,Padat,8.4
Lampung,Sumatera,9095591,262.7,258,25735,315,2829.39,34.63,Padat,12.24
Maluku,Maluku,1847097,39.37,258,4140,30,2241.35,16.24,Jarang,7.25
Maluku Utara,Maluku,1307803,40.89,258,2490,31,1903.96,23.7,Jarang,12.45
Nusa Tenggara Barat,Nusa Tenggara,5270247,283.77,258,8440,84,1601.44,15.94,Padat,9.95
Nusa Tenggara Timur,Nusa Tenggara,5411321,111.07,258,30162,180,5573.87,33.26,Sedang,5.97
Papua,Papua,4340348,13.6,258,15553,20,3583.35,4.61,Jarang,1.29
Papua Barat,Papua,1140701,11.08,258,8510,28,7460.32,24.55,Jarang,3.29
Riau,Sumatera,6074100,69.8,258,23714,335,3904.12,55.15,Jarang,14.13
Sulawesi Barat,Sulawesi,1559984,92.93,257,3233,47,2072.46,30.13,Sedang,14.54
Sulawesi Selatan,Sulawesi,9426885,201.78,258,34494,244,3659.11,25.88,Padat,7.07
Sulawesi Tengah,Sulawesi,2955567,47.79,258,13846,128,4684.72,43.31,Jarang,9.24
Sulawesi Tenggara,Sulawesi,2635461,69.23,258,5520,41,2094.51,15.56,Jarang,7.43
Sulawesi Utara,Sulawesi,2641884,190.17,258,17971,150,6802.34,56.78,Sedang,8.35
Sumatera Barat,Sumatera,5519245,131.37,258,14767,218,2675.55,39.5,Sedang,14.76
Sumatera Selatan,Sumatera,8217551,89.72,258,22212,294,2703.0,35.78,Sedang,13.24
Sumatera Utara,Sumatera,14874889,203.82,258,52743,395,3545.77,26.55,Padat,7.49
