provinsi,pulau,penduduk,kepadatan,hari_data,kasus,kematian,kasus_per_juta,kematian_per_juta
Aceh,Sumatera,5247257,90.54,258,5608,157,1068.74887202971,29.9203945985493
Nusa Tenggara Barat,Nusa Tenggara,5270247,283.77,258,8440,84,1601.4429684225427,15.938531913210138
Gorontalo,Sulawesi,1180651,104.88,257,2102,26,1780.3737090808377,22.021749018126442
Maluku Utara,Maluku,1307803,40.89,258,2490,31,1903.9564827424313,23.703875889564408
Sulawesi Barat,Sulawesi,1559984,92.93,257,3233,47,2072.4571534067018,30.12851413860655
Kalimantan Timur,Kalimantan,3552191,27.52,258,50685,274,14268.658413919748,77.1354918696658
Kalimantan Utara,Kalimantan,648407,8.59,258,9477,49,14615.820001943222,75.56981957320016
Daerah Istimewa Yogyakarta,Jawa,3631015,1158.9,258,67310,659,18537.516369389825,181.49195197486102
Banten,Jawa,10722374,1109.64,258,201049,256,18750.41851739176,23.875309702869906
DKI Jakarta,Jawa,10846145,16334.31,258,547214,1904,50452.39575904619,175.5462424667935
